"_id,""_labels"",""barrio"",""codigoPostal"",""edad"",""fechaOrden"",""idCategoria"",""idCiudad"",""idCliente"",""idDireccion"",""idEstudio"",""idOrden"",""idProducto"",""idProveedor"",""monto"",""nombre"",""numero"",""pais"",""precio"",""sexo"",""telefono"",""tieneTitulo"",""tipo"",""titulo"",""ubicacion"",""_start"",""_end"",""_type"",""cantidad"""
"0,"":Cliente"","""","""",""19"","""","""","""",""1"","""","""","""","""","""","""",""Nicolas"","""","""","""",""M"",""3112267915"",""true"","""","""","""",,,,"
"1,"":Cliente"","""","""",""28"","""","""","""",""2"","""","""","""","""","""","""",""Luisa"","""","""","""",""F"",""3112278654"",""true"","""","""","""",,,,"
"2,"":Cliente"","""","""",""15"","""","""","""",""3"","""","""","""","""","""","""",""Angel"","""","""","""",""M"",""3125678990"",""false"","""","""","""",,,,"
"3,"":Cliente"","""","""",""24"","""","""","""",""4"","""","""","""","""","""","""",""Luis"","""","""","""",""M"",""3152334567"",""true"","""","""","""",,,,"
"4,"":Cliente"","""","""",""75"","""","""","""",""5"","""","""","""","""","""","""",""Sara"","""","""","""",""F"",""3112276554"",""false"","""","""","""",,,,"
"5,"":Cliente"","""","""",""45"","""","""","""",""6"","""","""","""","""","""","""",""Andres"","""","""","""",""M"",""3234556702"",""true"","""","""","""",,,,"
"6,"":Cliente"","""","""",""47"","""","""","""",""7"","""","""","""","""","""","""",""Alberto"","""","""","""",""M"",""3112267916"",""false"","""","""","""",,,,"
"7,"":Cliente"","""","""",""21"","""","""","""",""8"","""","""","""","""","""","""",""Steffania"","""","""","""",""F"",""3112267917"",""true"","""","""","""",,,,"
"8,"":Cliente"","""","""",""19"","""","""","""",""9"","""","""","""","""","""","""",""Santiago"","""","""","""",""M"",""3112267925"",""false"","""","""","""",,,,"
"9,"":Cliente"","""","""",""32"","""","""","""",""10"","""","""","""","""","""","""",""Juan"","""","""","""",""M"",""3112267935"",""true"","""","""","""",,,,"
"10,"":Cliente"","""","""",""54"","""","""","""",""11"","""","""","""","""","""","""",""Juana"","""","""","""",""F"",""3112267945"",""false"","""","""","""",,,,"
"11,"":Cliente"","""","""",""47"","""","""","""",""12"","""","""","""","""","""","""",""Maria"","""","""","""",""F"",""3112277915"",""true"","""","""","""",,,,"
"12,"":Cliente"","""","""",""35"","""","""","""",""13"","""","""","""","""","""","""",""Maryi"","""","""","""",""F"",""3112287915"",""false"","""","""","""",,,,"
"13,"":Cliente"","""","""",""17"","""","""","""",""14"","""","""","""","""","""","""",""Erick"","""","""","""",""M"",""3112297915"",""true"","""","""","""",,,,"
"14,"":Cliente"","""","""",""21"","""","""","""",""15"","""","""","""","""","""","""",""Paula"","""","""","""",""F"",""3112267955"",""false"","""","""","""",,,,"
"15,"":Cliente"","""","""",""52"","""","""","""",""16"","""","""","""","""","""","""",""Ronald"","""","""","""",""M"",""3112267965"",""true"","""","""","""",,,,"
"16,"":Producto"","""","""","""","""","""","""","""","""","""","""",""1"","""","""",""PlayStation5"","""","""",""2200000"","""","""","""","""","""","""",,,,"
"17,"":Producto"","""","""","""","""","""","""","""","""","""","""",""2"","""","""",""XboxOne"","""","""",""1800000"","""","""","""","""","""","""",,,,"
"18,"":Producto"","""","""","""","""","""","""","""","""","""","""",""3"","""","""",""Cafetera"","""","""",""180000"","""","""","""","""","""","""",,,,"
"19,"":Producto"","""","""","""","""","""","""","""","""","""","""",""4"","""","""",""Café Molido"","""","""",""20000"","""","""","""","""","""","""",,,,"
"20,"":Producto"","""","""","""","""","""","""","""","""","""","""",""5"","""","""",""Prensa Francesa"","""","""",""300000"","""","""","""","""","""","""",,,,"
"21,"":Producto"","""","""","""","""","""","""","""","""","""","""",""6"","""","""",""Patineta"","""","""",""200000"","""","""","""","""","""","""",,,,"
"22,"":Producto"","""","""","""","""","""","""","""","""","""","""",""7"","""","""",""Monociclo"","""","""",""250000"","""","""","""","""","""","""",,,,"
"23,"":Producto"","""","""","""","""","""","""","""","""","""","""",""8"","""","""",""Scooters eléctrico"","""","""",""700000"","""","""","""","""","""","""",,,,"
"24,"":Producto"","""","""","""","""","""","""","""","""","""","""",""9"","""","""",""Balon de Futbol"","""","""",""200000"","""","""","""","""","""","""",,,,"
"25,"":Producto"","""","""","""","""","""","""","""","""","""","""",""10"","""","""",""Pelota de Tenis"","""","""",""50000"","""","""","""","""","""","""",,,,"
"26,"":Producto"","""","""","""","""","""","""","""","""","""","""",""11"","""","""",""Balon de Basket"","""","""",""250000"","""","""","""","""","""","""",,,,"
"27,"":Producto"","""","""","""","""","""","""","""","""","""","""",""12"","""","""",""Camisa nike"","""","""",""300000"","""","""","""","""","""","""",,,,"
"28,"":Producto"","""","""","""","""","""","""","""","""","""","""",""13"","""","""",""Camisa Adidas"","""","""",""270000"","""","""","""","""","""","""",,,,"
"29,"":Producto"","""","""","""","""","""","""","""","""","""","""",""14"","""","""",""Pantalon"","""","""",""200000"","""","""","""","""","""","""",,,,"
"30,"":Producto"","""","""","""","""","""","""","""","""","""","""",""15"","""","""",""pantaloneta"","""","""",""150000"","""","""","""","""","""","""",,,,"
"31,"":Producto"","""","""","""","""","""","""","""","""","""","""",""16"","""","""",""gorra"","""","""",""100000"","""","""","""","""","""","""",,,,"
"32,"":Direccion"",""Centro"",""12345"","""","""","""","""","""",""1"","""","""","""","""","""","""",""45"","""","""","""","""","""","""","""",""Calle 123"",,,,"
"33,"":Direccion"",""Norte"",""67890"","""","""","""","""","""",""2"","""","""","""","""","""","""",""78"","""","""","""","""","""","""","""",""Carrera 456"",,,,"
"34,"":Direccion"",""Sur"",""11223"","""","""","""","""","""",""3"","""","""","""","""","""","""",""12"","""","""","""","""","""","""","""",""Avenida 789"",,,,"
"35,"":Direccion"",""Este"",""33445"","""","""","""","""","""",""4"","""","""","""","""","""","""",""56"","""","""","""","""","""","""","""",""Calle 321"",,,,"
"36,"":Direccion"",""Oeste"",""55667"","""","""","""","""","""",""5"","""","""","""","""","""","""",""89"","""","""","""","""","""","""","""",""Carrera 654"",,,,"
"37,"":Direccion"",""Centro"",""77889"","""","""","""","""","""",""6"","""","""","""","""","""","""",""34"","""","""","""","""","""","""","""",""Avenida 987"",,,,"
"38,"":Direccion"",""San Martín"",""99876"","""","""","""","""","""",""7"","""","""","""","""","""","""",""90"","""","""","""","""","""","""","""",""Calle 654"",,,,"
"39,"":Direccion"",""Las Palmas"",""22334"","""","""","""","""","""",""8"","""","""","""","""","""","""",""23"","""","""","""","""","""","""","""",""Carrera 321"",,,,"
"40,"":Direccion"",""Altos"",""44556"","""","""","""","""","""",""9"","""","""","""","""","""","""",""15"","""","""","""","""","""","""","""",""Avenida 246"",,,,"
"41,"":Direccion"",""Bajo"",""66778"","""","""","""","""","""",""10"","""","""","""","""","""","""",""60"","""","""","""","""","""","""","""",""Calle 135"",,,,"
"42,"":Direccion"",""San José"",""88990"","""","""","""","""","""",""11"","""","""","""","""","""","""",""82"","""","""","""","""","""","""","""",""Carrera 987"",,,,"
"43,"":Direccion"",""La Loma"",""11222"","""","""","""","""","""",""12"","""","""","""","""","""","""",""49"","""","""","""","""","""","""","""",""Avenida 531"",,,,"
"44,"":Direccion"",""Santa Fe"",""33456"","""","""","""","""","""",""13"","""","""","""","""","""","""",""37"","""","""","""","""","""","""","""",""Calle 852"",,,,"
"45,"":Direccion"",""Colina"",""55678"","""","""","""","""","""",""14"","""","""","""","""","""","""",""11"","""","""","""","""","""","""","""",""Carrera 741"",,,,"
"46,"":Direccion"",""Lago"",""77801"","""","""","""","""","""",""15"","""","""","""","""","""","""",""59"","""","""","""","""","""","""","""",""Avenida 369"",,,,"
"47,"":Direccion"",""Las Delicias"",""89012"","""","""","""","""","""",""16"","""","""","""","""","""","""",""24"","""","""","""","""","""","""","""",""Calle 258"",,,,"
"48,"":Ciudad"","""","""","""","""","""",""1"","""","""","""","""","""","""","""",""Bogotá"","""",""Colombia"","""","""","""","""","""","""","""",,,,"
"49,"":Ciudad"","""","""","""","""","""",""2"","""","""","""","""","""","""","""",""Medellín"","""",""Colombia"","""","""","""","""","""","""","""",,,,"
"50,"":Ciudad"","""","""","""","""","""",""3"","""","""","""","""","""","""","""",""Lima"","""",""Perú"","""","""","""","""","""","""","""",,,,"
"51,"":Ciudad"","""","""","""","""","""",""4"","""","""","""","""","""","""","""",""Buenos Aires"","""",""Argentina"","""","""","""","""","""","""","""",,,,"
"52,"":Ciudad"","""","""","""","""","""",""5"","""","""","""","""","""","""","""",""Montevideo"","""",""Uruguay"","""","""","""","""","""","""","""",,,,"
"53,"":Ciudad"","""","""","""","""","""",""6"","""","""","""","""","""","""","""",""Santiago"","""",""Chile"","""","""","""","""","""","""","""",,,,"
"54,"":Ciudad"","""","""","""","""","""",""7"","""","""","""","""","""","""","""",""Quito"","""",""Ecuador"","""","""","""","""","""","""","""",,,,"
"55,"":Ciudad"","""","""","""","""","""",""8"","""","""","""","""","""","""","""",""Caracas"","""",""Venezuela"","""","""","""","""","""","""","""",,,,"
"56,"":Ciudad"","""","""","""","""","""",""9"","""","""","""","""","""","""","""",""México D.F."","""",""México"","""","""","""","""","""","""","""",,,,"
"57,"":Ciudad"","""","""","""","""","""",""10"","""","""","""","""","""","""","""",""San Salvador"","""",""El Salvador"","""","""","""","""","""","""","""",,,,"
"58,"":Ciudad"","""","""","""","""","""",""11"","""","""","""","""","""","""","""",""Ciudad de Panamá"","""",""Panamá"","""","""","""","""","""","""","""",,,,"
"59,"":Ciudad"","""","""","""","""","""",""12"","""","""","""","""","""","""","""",""Asunción"","""",""Paraguay"","""","""","""","""","""","""","""",,,,"
"61,"":Ciudad"","""","""","""","""","""",""14"","""","""","""","""","""","""","""",""La Paz"","""",""Bolivia"","""","""","""","""","""","""","""",,,,"
"62,"":Ciudad"","""","""","""","""","""",""15"","""","""","""","""","""","""","""",""Guatemala City"","""",""Guatemala"","""","""","""","""","""","""","""",,,,"
"63,"":Ciudad"","""","""","""","""","""",""16"","""","""","""","""","""","""","""",""La Habana"","""",""Cuba"","""","""","""","""","""","""","""",,,,"
"64,"":Aficion"","""","""","""","""","""","""","""","""","""","""","""","""","""",""Fútbol"","""","""","""","""","""","""",""Deporte"","""","""",,,,"
"65,"":Aficion"","""","""","""","""","""","""","""","""","""","""","""","""","""",""Pintura"","""","""","""","""","""","""",""Arte"","""","""",,,,"
"66,"":Aficion"","""","""","""","""","""","""","""","""","""","""","""","""","""",""Leer"","""","""","""","""","""","""",""Literatura"","""","""",,,,"
"67,"":Aficion"","""","""","""","""","""","""","""","""","""","""","""","""","""",""Escribir"","""","""","""","""","""","""",""Literatura"","""","""",,,,"
"68,"":Aficion"","""","""","""","""","""","""","""","""","""","""","""","""","""",""Cantar"","""","""","""","""","""","""",""Música"","""","""",,,,"
"69,"":Aficion"","""","""","""","""","""","""","""","""","""","""","""","""","""",""Bailar"","""","""","""","""","""","""",""Música"","""","""",,,,"
"70,"":Aficion"","""","""","""","""","""","""","""","""","""","""","""","""","""",""Jardinería"","""","""","""","""","""","""",""Naturaleza"","""","""",,,,"
"71,"":Aficion"","""","""","""","""","""","""","""","""","""","""","""","""","""",""Pesca"","""","""","""","""","""","""",""Deporte"","""","""",,,,"
"72,"":Aficion"","""","""","""","""","""","""","""","""","""","""","""","""","""",""Cocinar"","""","""","""","""","""","""",""Arte"","""","""",,,,"
"73,"":Aficion"","""","""","""","""","""","""","""","""","""","""","""","""","""",""Fotografía"","""","""","""","""","""","""",""Arte"","""","""",,,,"
"74,"":Aficion"","""","""","""","""","""","""","""","""","""","""","""","""","""",""Ciclismo"","""","""","""","""","""","""",""Deporte"","""","""",,,,"
"75,"":Aficion"","""","""","""","""","""","""","""","""","""","""","""","""","""",""Correr"","""","""","""","""","""","""",""Deporte"","""","""",,,,"
"76,"":Aficion"","""","""","""","""","""","""","""","""","""","""","""","""","""",""Teatro"","""","""","""","""","""","""",""Arte"","""","""",,,,"
"77,"":Aficion"","""","""","""","""","""","""","""","""","""","""","""","""","""",""Viajar"","""","""","""","""","""","""",""Aventura"","""","""",,,,"
"78,"":Aficion"","""","""","""","""","""","""","""","""","""","""","""","""","""",""Videojuegos"","""","""","""","""","""","""",""Entretenimiento"","""","""",,,,"
"79,"":Aficion"","""","""","""","""","""","""","""","""","""","""","""","""","""",""Yoga"","""","""","""","""","""","""",""Salud"","""","""",,,,"
"80,"":Estudio"","""","""","""","""","""","""","""","""",""1"","""","""","""","""","""","""","""","""","""","""","""","""",""Ingeniería"","""",,,,"
"81,"":Estudio"","""","""","""","""","""","""","""","""",""2"","""","""","""","""","""","""","""","""","""","""","""","""",""Medicina"","""",,,,"
"82,"":Estudio"","""","""","""","""","""","""","""","""",""3"","""","""","""","""","""","""","""","""","""","""","""","""",""Arquitectura"","""",,,,"
"83,"":Estudio"","""","""","""","""","""","""","""","""",""4"","""","""","""","""","""","""","""","""","""","""","""","""",""Psicología"","""",,,,"
"84,"":Estudio"","""","""","""","""","""","""","""","""",""5"","""","""","""","""","""","""","""","""","""","""","""","""",""Derecho"","""",,,,"
"85,"":Estudio"","""","""","""","""","""","""","""","""",""6"","""","""","""","""","""","""","""","""","""","""","""","""",""Económicas"","""",,,,"
"86,"":Estudio"","""","""","""","""","""","""","""","""",""7"","""","""","""","""","""","""","""","""","""","""","""","""",""Enfermería"","""",,,,"
"87,"":Estudio"","""","""","""","""","""","""","""","""",""8"","""","""","""","""","""","""","""","""","""","""","""","""",""Educación"","""",,,,"
"88,"":Estudio"","""","""","""","""","""","""","""","""",""9"","""","""","""","""","""","""","""","""","""","""","""","""",""Informática"","""",,,,"
"89,"":Estudio"","""","""","""","""","""","""","""","""",""10"","""","""","""","""","""","""","""","""","""","""","""","""",""Contabilidad"","""",,,,"
"90,"":Estudio"","""","""","""","""","""","""","""","""",""11"","""","""","""","""","""","""","""","""","""","""","""","""",""Arte"","""",,,,"
"91,"":Estudio"","""","""","""","""","""","""","""","""",""12"","""","""","""","""","""","""","""","""","""","""","""","""",""Ciencias Sociales"","""",,,,"
"92,"":Estudio"","""","""","""","""","""","""","""","""",""13"","""","""","""","""","""","""","""","""","""","""","""","""",""Química"","""",,,,"
"93,"":Estudio"","""","""","""","""","""","""","""","""",""14"","""","""","""","""","""","""","""","""","""","""","""","""",""Filosofía"","""",,,,"
"94,"":Estudio"","""","""","""","""","""","""","""","""",""15"","""","""","""","""","""","""","""","""","""","""","""","""",""Biología"","""",,,,"
"95,"":Estudio"","""","""","""","""","""","""","""","""",""16"","""","""","""","""","""","""","""","""","""","""","""","""",""Matemáticas"","""",,,,"
"96,"":Categoria"","""","""","""","""",""1"","""","""","""","""","""","""","""","""",""Consola de sony"","""","""","""","""","""","""","""","""","""",,,,"
"97,"":Categoria"","""","""","""","""",""2"","""","""","""","""","""","""","""","""",""Consola de xbox"","""","""","""","""","""","""","""","""","""",,,,"
"98,"":Categoria"","""","""","""","""",""3"","""","""","""","""","""","""","""","""",""Accesorio de café"","""","""","""","""","""","""","""","""","""",,,,"
"99,"":Categoria"","""","""","""","""",""4"","""","""","""","""","""","""","""","""",""Producto de café"","""","""","""","""","""","""","""","""","""",,,,"
"100,"":Categoria"","""","""","""","""",""5"","""","""","""","""","""","""","""","""",""4 ruedas"","""","""","""","""","""","""","""","""","""",,,,"
"101,"":Categoria"","""","""","""","""",""6"","""","""","""","""","""","""","""","""",""1 rueda"","""","""","""","""","""","""","""","""","""",,,,"
"102,"":Categoria"","""","""","""","""",""7"","""","""","""","""","""","""","""","""",""2 ruedas"","""","""","""","""","""","""","""","""","""",,,,"
"103,"":Categoria"","""","""","""","""",""8"","""","""","""","""","""","""","""","""",""Futbol"","""","""","""","""","""","""","""","""","""",,,,"
"104,"":Categoria"","""","""","""","""",""9"","""","""","""","""","""","""","""","""",""Tenis"","""","""","""","""","""","""","""","""","""",,,,"
"105,"":Categoria"","""","""","""","""",""10"","""","""","""","""","""","""","""","""",""Basketball"","""","""","""","""","""","""","""","""","""",,,,"
"106,"":Categoria"","""","""","""","""",""11"","""","""","""","""","""","""","""","""",""Nike"","""","""","""","""","""","""","""","""","""",,,,"
"107,"":Categoria"","""","""","""","""",""12"","""","""","""","""","""","""","""","""",""Adidas"","""","""","""","""","""","""","""","""","""",,,,"
"108,"":Categoria"","""","""","""","""",""13"","""","""","""","""","""","""","""","""",""Prenda inferior"","""","""","""","""","""","""","""","""","""",,,,"
"109,"":Categoria"","""","""","""","""",""14"","""","""","""","""","""","""","""","""",""Prenda superior"","""","""","""","""","""","""","""","""","""",,,,"
"110,"":Categoria"","""","""","""","""",""15"","""","""","""","""","""","""","""","""",""Electrodomestico"","""","""","""","""","""","""","""","""","""",,,,"
"111,"":Proveedor"","""","""","""","""","""","""","""","""","""","""","""",""1"","""",""Proveedor A"","""","""","""","""","""","""","""","""","""",,,,"
"112,"":Proveedor"","""","""","""","""","""","""","""","""","""","""","""",""2"","""",""Proveedor B"","""","""","""","""","""","""","""","""","""",,,,"
"113,"":Proveedor"","""","""","""","""","""","""","""","""","""","""","""",""3"","""",""Proveedor C"","""","""","""","""","""","""","""","""","""",,,,"
"114,"":Proveedor"","""","""","""","""","""","""","""","""","""","""","""",""4"","""",""Proveedor D"","""","""","""","""","""","""","""","""","""",,,,"
"115,"":Proveedor"","""","""","""","""","""","""","""","""","""","""","""",""5"","""",""Proveedor E"","""","""","""","""","""","""","""","""","""",,,,"
"116,"":Proveedor"","""","""","""","""","""","""","""","""","""","""","""",""6"","""",""Proveedor F"","""","""","""","""","""","""","""","""","""",,,,"
"117,"":Proveedor"","""","""","""","""","""","""","""","""","""","""","""",""7"","""",""Proveedor G"","""","""","""","""","""","""","""","""","""",,,,"
"118,"":Proveedor"","""","""","""","""","""","""","""","""","""","""","""",""8"","""",""Proveedor H"","""","""","""","""","""","""","""","""","""",,,,"
"119,"":Proveedor"","""","""","""","""","""","""","""","""","""","""","""",""9"","""",""Proveedor I"","""","""","""","""","""","""","""","""","""",,,,"
"120,"":Proveedor"","""","""","""","""","""","""","""","""","""","""","""",""10"","""",""Proveedor J"","""","""","""","""","""","""","""","""","""",,,,"
"121,"":Proveedor"","""","""","""","""","""","""","""","""","""","""","""",""11"","""",""Proveedor K"","""","""","""","""","""","""","""","""","""",,,,"
"122,"":Proveedor"","""","""","""","""","""","""","""","""","""","""","""",""12"","""",""Proveedor L"","""","""","""","""","""","""","""","""","""",,,,"
"123,"":Proveedor"","""","""","""","""","""","""","""","""","""","""","""",""13"","""",""Proveedor M"","""","""","""","""","""","""","""","""","""",,,,"
"124,"":Proveedor"","""","""","""","""","""","""","""","""","""","""","""",""14"","""",""Proveedor N"","""","""","""","""","""","""","""","""","""",,,,"
"125,"":Proveedor"","""","""","""","""","""","""","""","""","""","""","""",""15"","""",""Proveedor O"","""","""","""","""","""","""","""","""","""",,,,"
"126,"":Proveedor"","""","""","""","""","""","""","""","""","""","""","""",""16"","""",""Proveedor P"","""","""","""","""","""","""","""","""","""",,,,"
"127,"":Orden"","""","""","""",""2024-01-15"","""","""","""","""","""",""1"","""","""",""15.0"","""","""","""","""","""","""","""","""","""","""",,,,"
"128,"":Orden"","""","""","""",""2024-02-20"","""","""","""","""","""",""2"","""","""",""25.5"","""","""","""","""","""","""","""","""","""","""",,,,"
"129,"":Orden"","""","""","""",""2024-03-05"","""","""","""","""","""",""3"","""","""",""30.0"","""","""","""","""","""","""","""","""","""","""",,,,"
"130,"":Orden"","""","""","""",""2024-04-18"","""","""","""","""","""",""4"","""","""",""12.75"","""","""","""","""","""","""","""","""","""","""",,,,"
"131,"":Orden"","""","""","""",""2024-05-10"","""","""","""","""","""",""5"","""","""",""40.0"","""","""","""","""","""","""","""","""","""","""",,,,"
"132,"":Orden"","""","""","""",""2024-06-22"","""","""","""","""","""",""6"","""","""",""18.5"","""","""","""","""","""","""","""","""","""","""",,,,"
"133,"":Orden"","""","""","""",""2024-07-13"","""","""","""","""","""",""7"","""","""",""22.0"","""","""","""","""","""","""","""","""","""","""",,,,"
"134,"":Orden"","""","""","""",""2024-08-25"","""","""","""","""","""",""8"","""","""",""27.5"","""","""","""","""","""","""","""","""","""","""",,,,"
"135,"":Orden"","""","""","""",""2024-09-09"","""","""","""","""","""",""9"","""","""",""35.0"","""","""","""","""","""","""","""","""","""","""",,,,"
"136,"":Orden"","""","""","""",""2024-10-17"","""","""","""","""","""",""10"","""","""",""45.25"","""","""","""","""","""","""","""","""","""","""",,,,"
"137,"":Orden"","""","""","""",""2024-11-03"","""","""","""","""","""",""11"","""","""",""50.0"","""","""","""","""","""","""","""","""","""","""",,,,"
"138,"":Orden"","""","""","""",""2024-12-28"","""","""","""","""","""",""12"","""","""",""60.75"","""","""","""","""","""","""","""","""","""","""",,,,"
"139,"":Orden"","""","""","""",""2024-01-21"","""","""","""","""","""",""13"","""","""",""55.5"","""","""","""","""","""","""","""","""","""","""",,,,"
"140,"":Orden"","""","""","""",""2024-02-14"","""","""","""","""","""",""14"","""","""",""33.0"","""","""","""","""","""","""","""","""","""","""",,,,"
"141,"":Orden"","""","""","""",""2024-03-30"","""","""","""","""","""",""15"","""","""",""42.5"","""","""","""","""","""","""","""","""","""","""",,,,"
"142,"":Orden"","""","""","""",""2024-04-06"","""","""","""","""","""",""16"","""","""",""29.0"","""","""","""","""","""","""","""","""","""","""",,,,"
"143,"":Direccion"",""Chapinero"",""11122"","""","""","""","""","""",""17"","""","""","""","""","""","""",""12"","""","""","""","""","""","""","""",""Calle 90"",,,,"
"144,"":Cliente"","""","""",""31"","""","""","""",""17"","""","""","""","""","""","""",""Valeria"","""","""","""",""F"",""3112212345"",""false"","""","""","""",,,,"
"146,"""","""","""","""","""","""","""","""","""","""","""","""","""","""","""","""","""","""","""","""","""","""","""","""",,,,"
"149,"""","""","""","""","""","""","""","""","""","""","""","""","""","""","""","""","""","""","""","""","""","""","""","""",,,,"
"150,"":Producto"","""","""","""","""","""","""","""","""","""","""",""12"","""","""",""Camisa Nike"","""","""","""","""","""","""","""","""","""",,,,"
"152,"""","""","""","""","""","""","""","""","""","""","""","""","""","""","""","""","""","""","""","""","""","""","""","""",,,,"
"153,"":Producto"","""","""","""","""","""","""","""","""","""","""",""2"","""","""",""Xbox One"","""","""","""","""","""","""","""","""","""",,,,"
"154,"":Producto"","""","""","""","""","""","""","""","""","""","""",""5"","""","""",""Prensa Francesa"","""","""","""","""","""","""","""","""","""",,,,"
"155,"""","""","""","""","""","""","""","""","""","""","""","""","""","""","""","""","""","""","""","""","""","""","""","""",,,,"
"156,"":Producto"","""","""","""","""","""","""","""","""","""","""",""6"","""","""",""Patineta"","""","""","""","""","""","""","""","""","""",,,,"
"157,"":Producto"","""","""","""","""","""","""","""","""","""","""",""4"","""","""",""Café Molido"","""","""","""","""","""","""","""","""","""",,,,"
"158,"""","""","""","""","""","""","""","""","""","""","""","""","""","""","""","""","""","""","""","""","""","""","""","""",,,,"
"159,"":Producto"","""","""","""","""","""","""","""","""","""","""",""10"","""","""",""Pelota de Tenis"","""","""","""","""","""","""","""","""","""",,,,"
"160,"":Producto"","""","""","""","""","""","""","""","""","""","""",""8"","""","""",""Scooters eléctrico"","""","""","""","""","""","""","""","""","""",,,,"
"161,"":Producto"","""","""","""","""","""","""","""","""","""","""",""14"","""","""",""Pantalon"","""","""","""","""","""","""","""","""","""",,,,"
"162,"":Cliente"","""","""",""27"","""","""","""",""18"","""","""","""","""","""","""",""Miguel"","""","""","""",""M"",""3112216789"",""true"","""","""","""",,,,"
"163,"":Direccion"",""Laureles"",""11223"","""","""","""","""","""",""18"","""","""","""","""","""","""",""25"","""","""","""","""","""","""","""",""Avenida 45"",,,,"
"165,"""","""","""","""","""","""","""","""","""","""","""","""","""","""","""","""","""","""","""","""","""","""","""","""",,,,"
"166,"":Producto"","""","""","""","""","""","""","""","""","""","""",""9"","""","""",""Balón de Futbol"","""","""","""","""","""","""","""","""","""",,,,"
"167,"":Producto"","""","""","""","""","""","""","""","""","""","""",""16"","""","""",""Gorra"","""","""","""","""","""","""","""","""","""",,,,"
"168,"":Cliente"","""","""",""22"","""","""","""",""19"","""","""","""","""","""","""",""Sofia"","""","""","""",""F"",""3112267890"",""false"","""","""","""",,,,"
"169,"":Direccion"",""San Isidro"",""22334"","""","""","""","""","""",""19"","""","""","""","""","""","""",""100"","""","""","""","""","""","""","""",""Av. Benavides"",,,,"
"171,"""","""","""","""","""","""","""","""","""","""","""","""","""","""","""","""","""","""","""","""","""","""","""","""",,,,"
"172,"":Producto"","""","""","""","""","""","""","""","""","""","""",""3"","""","""",""Cafetera"","""","""","""","""","""","""","""","""","""",,,,"
"173,"":Producto"","""","""","""","""","""","""","""","""","""","""",""6"","""","""",""Patineta"","""","""","""","""","""","""","""","""","""",,,,"
",,,,,,,,,,,,,,,,,,,,,,,,,""0"",""32"",""VIVE_EN"","""""
",,,,,,,,,,,,,,,,,,,,,,,,,""0"",""16"",""VISUALIZA"","""""
",,,,,,,,,,,,,,,,,,,,,,,,,""0"",""17"",""VISUALIZA"","""""
",,,,,,,,,,,,,,,,,,,,,,,,,""0"",""64"",""TIENE"","""""
",,,,,,,,,,,,,,,,,,,,,,,,,""0"",""80"",""ESTUDIA"","""""
",,,,,,,,,,,,,,,,,,,,,,,,,""0"",""16"",""COMPRA"",""1"""
",,,,,,,,,,,,,,,,,,,,,,,,,""1"",""33"",""VIVE_EN"","""""
",,,,,,,,,,,,,,,,,,,,,,,,,""1"",""18"",""VISUALIZA"","""""
",,,,,,,,,,,,,,,,,,,,,,,,,""1"",""19"",""VISUALIZA"","""""
",,,,,,,,,,,,,,,,,,,,,,,,,""1"",""65"",""TIENE"","""""
",,,,,,,,,,,,,,,,,,,,,,,,,""1"",""81"",""ESTUDIA"","""""
",,,,,,,,,,,,,,,,,,,,,,,,,""1"",""18"",""COMPRA"",""1"""
",,,,,,,,,,,,,,,,,,,,,,,,,""1"",""19"",""COMPRA"",""1"""
",,,,,,,,,,,,,,,,,,,,,,,,,""2"",""34"",""VIVE_EN"","""""
",,,,,,,,,,,,,,,,,,,,,,,,,""2"",""20"",""VISUALIZA"","""""
",,,,,,,,,,,,,,,,,,,,,,,,,""2"",""21"",""VISUALIZA"","""""
",,,,,,,,,,,,,,,,,,,,,,,,,""2"",""66"",""TIENE"","""""
",,,,,,,,,,,,,,,,,,,,,,,,,""2"",""82"",""ESTUDIA"","""""
",,,,,,,,,,,,,,,,,,,,,,,,,""2"",""20"",""COMPRA"",""1"""
",,,,,,,,,,,,,,,,,,,,,,,,,""3"",""35"",""VIVE_EN"","""""
",,,,,,,,,,,,,,,,,,,,,,,,,""3"",""22"",""VISUALIZA"","""""
",,,,,,,,,,,,,,,,,,,,,,,,,""3"",""23"",""VISUALIZA"","""""
",,,,,,,,,,,,,,,,,,,,,,,,,""3"",""67"",""TIENE"","""""
",,,,,,,,,,,,,,,,,,,,,,,,,""3"",""83"",""ESTUDIA"","""""
",,,,,,,,,,,,,,,,,,,,,,,,,""3"",""22"",""COMPRA"",""1"""
",,,,,,,,,,,,,,,,,,,,,,,,,""3"",""23"",""COMPRA"",""1"""
",,,,,,,,,,,,,,,,,,,,,,,,,""4"",""36"",""VIVE_EN"","""""
",,,,,,,,,,,,,,,,,,,,,,,,,""4"",""24"",""VISUALIZA"","""""
",,,,,,,,,,,,,,,,,,,,,,,,,""4"",""25"",""VISUALIZA"","""""
",,,,,,,,,,,,,,,,,,,,,,,,,""4"",""68"",""TIENE"","""""
",,,,,,,,,,,,,,,,,,,,,,,,,""4"",""84"",""ESTUDIA"","""""
",,,,,,,,,,,,,,,,,,,,,,,,,""4"",""24"",""COMPRA"",""1"""
",,,,,,,,,,,,,,,,,,,,,,,,,""5"",""37"",""VIVE_EN"","""""
",,,,,,,,,,,,,,,,,,,,,,,,,""5"",""26"",""VISUALIZA"","""""
",,,,,,,,,,,,,,,,,,,,,,,,,""5"",""27"",""VISUALIZA"","""""
",,,,,,,,,,,,,,,,,,,,,,,,,""5"",""69"",""TIENE"","""""
",,,,,,,,,,,,,,,,,,,,,,,,,""5"",""85"",""ESTUDIA"","""""
",,,,,,,,,,,,,,,,,,,,,,,,,""5"",""26"",""COMPRA"",""1"""
",,,,,,,,,,,,,,,,,,,,,,,,,""5"",""27"",""COMPRA"",""1"""
",,,,,,,,,,,,,,,,,,,,,,,,,""6"",""38"",""VIVE_EN"","""""
",,,,,,,,,,,,,,,,,,,,,,,,,""6"",""28"",""VISUALIZA"","""""
",,,,,,,,,,,,,,,,,,,,,,,,,""6"",""29"",""VISUALIZA"","""""
",,,,,,,,,,,,,,,,,,,,,,,,,""6"",""70"",""TIENE"","""""
",,,,,,,,,,,,,,,,,,,,,,,,,""6"",""86"",""ESTUDIA"","""""
",,,,,,,,,,,,,,,,,,,,,,,,,""6"",""28"",""COMPRA"",""1"""
",,,,,,,,,,,,,,,,,,,,,,,,,""7"",""39"",""VIVE_EN"","""""
",,,,,,,,,,,,,,,,,,,,,,,,,""7"",""30"",""VISUALIZA"","""""
",,,,,,,,,,,,,,,,,,,,,,,,,""7"",""31"",""VISUALIZA"","""""
",,,,,,,,,,,,,,,,,,,,,,,,,""7"",""71"",""TIENE"","""""
",,,,,,,,,,,,,,,,,,,,,,,,,""7"",""87"",""ESTUDIA"","""""
",,,,,,,,,,,,,,,,,,,,,,,,,""7"",""30"",""COMPRA"",""1"""
",,,,,,,,,,,,,,,,,,,,,,,,,""7"",""31"",""COMPRA"",""1"""
",,,,,,,,,,,,,,,,,,,,,,,,,""8"",""40"",""VIVE_EN"","""""
",,,,,,,,,,,,,,,,,,,,,,,,,""8"",""16"",""VISUALIZA"","""""
",,,,,,,,,,,,,,,,,,,,,,,,,""8"",""18"",""VISUALIZA"","""""
",,,,,,,,,,,,,,,,,,,,,,,,,""8"",""72"",""TIENE"","""""
",,,,,,,,,,,,,,,,,,,,,,,,,""8"",""88"",""ESTUDIA"","""""
",,,,,,,,,,,,,,,,,,,,,,,,,""8"",""16"",""COMPRA"",""1"""
",,,,,,,,,,,,,,,,,,,,,,,,,""9"",""41"",""VIVE_EN"","""""
",,,,,,,,,,,,,,,,,,,,,,,,,""9"",""20"",""VISUALIZA"","""""
",,,,,,,,,,,,,,,,,,,,,,,,,""9"",""22"",""VISUALIZA"","""""
",,,,,,,,,,,,,,,,,,,,,,,,,""9"",""73"",""TIENE"","""""
",,,,,,,,,,,,,,,,,,,,,,,,,""9"",""89"",""ESTUDIA"","""""
",,,,,,,,,,,,,,,,,,,,,,,,,""9"",""20"",""COMPRA"",""1"""
",,,,,,,,,,,,,,,,,,,,,,,,,""9"",""22"",""COMPRA"",""1"""
",,,,,,,,,,,,,,,,,,,,,,,,,""10"",""42"",""VIVE_EN"","""""
",,,,,,,,,,,,,,,,,,,,,,,,,""10"",""24"",""VISUALIZA"","""""
",,,,,,,,,,,,,,,,,,,,,,,,,""10"",""26"",""VISUALIZA"","""""
",,,,,,,,,,,,,,,,,,,,,,,,,""10"",""74"",""TIENE"","""""
",,,,,,,,,,,,,,,,,,,,,,,,,""10"",""90"",""ESTUDIA"","""""
",,,,,,,,,,,,,,,,,,,,,,,,,""10"",""24"",""COMPRA"",""1"""
",,,,,,,,,,,,,,,,,,,,,,,,,""11"",""43"",""VIVE_EN"","""""
",,,,,,,,,,,,,,,,,,,,,,,,,""11"",""28"",""VISUALIZA"","""""
",,,,,,,,,,,,,,,,,,,,,,,,,""11"",""30"",""VISUALIZA"","""""
",,,,,,,,,,,,,,,,,,,,,,,,,""11"",""75"",""TIENE"","""""
",,,,,,,,,,,,,,,,,,,,,,,,,""11"",""91"",""ESTUDIA"","""""
",,,,,,,,,,,,,,,,,,,,,,,,,""11"",""28"",""COMPRA"",""1"""
",,,,,,,,,,,,,,,,,,,,,,,,,""11"",""30"",""COMPRA"",""1"""
",,,,,,,,,,,,,,,,,,,,,,,,,""12"",""44"",""VIVE_EN"","""""
",,,,,,,,,,,,,,,,,,,,,,,,,""12"",""17"",""VISUALIZA"","""""
",,,,,,,,,,,,,,,,,,,,,,,,,""12"",""19"",""VISUALIZA"","""""
",,,,,,,,,,,,,,,,,,,,,,,,,""12"",""76"",""TIENE"","""""
",,,,,,,,,,,,,,,,,,,,,,,,,""12"",""92"",""ESTUDIA"","""""
",,,,,,,,,,,,,,,,,,,,,,,,,""12"",""17"",""COMPRA"",""1"""
",,,,,,,,,,,,,,,,,,,,,,,,,""13"",""45"",""VIVE_EN"","""""
",,,,,,,,,,,,,,,,,,,,,,,,,""13"",""21"",""VISUALIZA"","""""
",,,,,,,,,,,,,,,,,,,,,,,,,""13"",""23"",""VISUALIZA"","""""
",,,,,,,,,,,,,,,,,,,,,,,,,""13"",""77"",""TIENE"","""""
",,,,,,,,,,,,,,,,,,,,,,,,,""13"",""93"",""ESTUDIA"","""""
",,,,,,,,,,,,,,,,,,,,,,,,,""13"",""21"",""COMPRA"",""1"""
",,,,,,,,,,,,,,,,,,,,,,,,,""13"",""23"",""COMPRA"",""1"""
",,,,,,,,,,,,,,,,,,,,,,,,,""14"",""46"",""VIVE_EN"","""""
",,,,,,,,,,,,,,,,,,,,,,,,,""14"",""25"",""VISUALIZA"","""""
",,,,,,,,,,,,,,,,,,,,,,,,,""14"",""27"",""VISUALIZA"","""""
",,,,,,,,,,,,,,,,,,,,,,,,,""14"",""78"",""TIENE"","""""
",,,,,,,,,,,,,,,,,,,,,,,,,""14"",""94"",""ESTUDIA"","""""
",,,,,,,,,,,,,,,,,,,,,,,,,""14"",""25"",""COMPRA"",""1"""
",,,,,,,,,,,,,,,,,,,,,,,,,""15"",""47"",""VIVE_EN"","""""
",,,,,,,,,,,,,,,,,,,,,,,,,""15"",""29"",""VISUALIZA"","""""
",,,,,,,,,,,,,,,,,,,,,,,,,""15"",""31"",""VISUALIZA"","""""
",,,,,,,,,,,,,,,,,,,,,,,,,""15"",""79"",""TIENE"","""""
",,,,,,,,,,,,,,,,,,,,,,,,,""15"",""95"",""ESTUDIA"","""""
",,,,,,,,,,,,,,,,,,,,,,,,,""15"",""29"",""COMPRA"",""1"""
",,,,,,,,,,,,,,,,,,,,,,,,,""15"",""31"",""COMPRA"",""1"""
",,,,,,,,,,,,,,,,,,,,,,,,,""16"",""17"",""RELACIONADO_CON"","""""
",,,,,,,,,,,,,,,,,,,,,,,,,""16"",""111"",""PROVEEDOR_DE"","""""
",,,,,,,,,,,,,,,,,,,,,,,,,""16"",""96"",""PERTENECE_A"","""""
",,,,,,,,,,,,,,,,,,,,,,,,,""17"",""112"",""PROVEEDOR_DE"","""""
",,,,,,,,,,,,,,,,,,,,,,,,,""17"",""97"",""PERTENECE_A"","""""
",,,,,,,,,,,,,,,,,,,,,,,,,""18"",""19"",""RELACIONADO_CON"","""""
",,,,,,,,,,,,,,,,,,,,,,,,,""18"",""20"",""RELACIONADO_CON"","""""
",,,,,,,,,,,,,,,,,,,,,,,,,""18"",""113"",""PROVEEDOR_DE"","""""
",,,,,,,,,,,,,,,,,,,,,,,,,""18"",""110"",""PERTENECE_A"","""""
",,,,,,,,,,,,,,,,,,,,,,,,,""19"",""20"",""RELACIONADO_CON"","""""
",,,,,,,,,,,,,,,,,,,,,,,,,""19"",""114"",""PROVEEDOR_DE"","""""
",,,,,,,,,,,,,,,,,,,,,,,,,""19"",""99"",""PERTENECE_A"","""""
",,,,,,,,,,,,,,,,,,,,,,,,,""20"",""115"",""PROVEEDOR_DE"","""""
",,,,,,,,,,,,,,,,,,,,,,,,,""20"",""98"",""PERTENECE_A"","""""
",,,,,,,,,,,,,,,,,,,,,,,,,""21"",""22"",""RELACIONADO_CON"","""""
",,,,,,,,,,,,,,,,,,,,,,,,,""21"",""23"",""RELACIONADO_CON"","""""
",,,,,,,,,,,,,,,,,,,,,,,,,""21"",""116"",""PROVEEDOR_DE"","""""
",,,,,,,,,,,,,,,,,,,,,,,,,""21"",""100"",""PERTENECE_A"","""""
",,,,,,,,,,,,,,,,,,,,,,,,,""22"",""23"",""RELACIONADO_CON"","""""
",,,,,,,,,,,,,,,,,,,,,,,,,""22"",""117"",""PROVEEDOR_DE"","""""
",,,,,,,,,,,,,,,,,,,,,,,,,""22"",""101"",""PERTENECE_A"","""""
",,,,,,,,,,,,,,,,,,,,,,,,,""23"",""118"",""PROVEEDOR_DE"","""""
",,,,,,,,,,,,,,,,,,,,,,,,,""23"",""102"",""PERTENECE_A"","""""
",,,,,,,,,,,,,,,,,,,,,,,,,""24"",""25"",""RELACIONADO_CON"","""""
",,,,,,,,,,,,,,,,,,,,,,,,,""24"",""26"",""RELACIONADO_CON"","""""
",,,,,,,,,,,,,,,,,,,,,,,,,""24"",""119"",""PROVEEDOR_DE"","""""
",,,,,,,,,,,,,,,,,,,,,,,,,""24"",""103"",""PERTENECE_A"","""""
",,,,,,,,,,,,,,,,,,,,,,,,,""25"",""26"",""RELACIONADO_CON"","""""
",,,,,,,,,,,,,,,,,,,,,,,,,""25"",""120"",""PROVEEDOR_DE"","""""
",,,,,,,,,,,,,,,,,,,,,,,,,""25"",""104"",""PERTENECE_A"","""""
",,,,,,,,,,,,,,,,,,,,,,,,,""26"",""121"",""PROVEEDOR_DE"","""""
",,,,,,,,,,,,,,,,,,,,,,,,,""26"",""105"",""PERTENECE_A"","""""
",,,,,,,,,,,,,,,,,,,,,,,,,""27"",""28"",""RELACIONADO_CON"","""""
",,,,,,,,,,,,,,,,,,,,,,,,,""27"",""29"",""RELACIONADO_CON"","""""
",,,,,,,,,,,,,,,,,,,,,,,,,""27"",""31"",""RELACIONADO_CON"","""""
",,,,,,,,,,,,,,,,,,,,,,,,,""27"",""122"",""PROVEEDOR_DE"","""""
",,,,,,,,,,,,,,,,,,,,,,,,,""27"",""106"",""PERTENECE_A"","""""
",,,,,,,,,,,,,,,,,,,,,,,,,""28"",""29"",""RELACIONADO_CON"","""""
",,,,,,,,,,,,,,,,,,,,,,,,,""28"",""31"",""RELACIONADO_CON"","""""
",,,,,,,,,,,,,,,,,,,,,,,,,""28"",""123"",""PROVEEDOR_DE"","""""
",,,,,,,,,,,,,,,,,,,,,,,,,""28"",""107"",""PERTENECE_A"","""""
",,,,,,,,,,,,,,,,,,,,,,,,,""29"",""31"",""RELACIONADO_CON"","""""
",,,,,,,,,,,,,,,,,,,,,,,,,""29"",""124"",""PROVEEDOR_DE"","""""
",,,,,,,,,,,,,,,,,,,,,,,,,""29"",""108"",""PERTENECE_A"","""""
",,,,,,,,,,,,,,,,,,,,,,,,,""30"",""125"",""PROVEEDOR_DE"","""""
",,,,,,,,,,,,,,,,,,,,,,,,,""30"",""108"",""PERTENECE_A"","""""
",,,,,,,,,,,,,,,,,,,,,,,,,""31"",""126"",""PROVEEDOR_DE"","""""
",,,,,,,,,,,,,,,,,,,,,,,,,""31"",""109"",""PERTENECE_A"","""""
",,,,,,,,,,,,,,,,,,,,,,,,,""32"",""48"",""UBICADA_EN"","""""
",,,,,,,,,,,,,,,,,,,,,,,,,""33"",""49"",""UBICADA_EN"","""""
",,,,,,,,,,,,,,,,,,,,,,,,,""34"",""50"",""UBICADA_EN"","""""
",,,,,,,,,,,,,,,,,,,,,,,,,""35"",""51"",""UBICADA_EN"","""""
",,,,,,,,,,,,,,,,,,,,,,,,,""36"",""52"",""UBICADA_EN"","""""
",,,,,,,,,,,,,,,,,,,,,,,,,""37"",""53"",""UBICADA_EN"","""""
",,,,,,,,,,,,,,,,,,,,,,,,,""38"",""54"",""UBICADA_EN"","""""
",,,,,,,,,,,,,,,,,,,,,,,,,""39"",""55"",""UBICADA_EN"","""""
",,,,,,,,,,,,,,,,,,,,,,,,,""40"",""56"",""UBICADA_EN"","""""
",,,,,,,,,,,,,,,,,,,,,,,,,""41"",""57"",""UBICADA_EN"","""""
",,,,,,,,,,,,,,,,,,,,,,,,,""42"",""58"",""UBICADA_EN"","""""
",,,,,,,,,,,,,,,,,,,,,,,,,""43"",""59"",""UBICADA_EN"","""""
",,,,,,,,,,,,,,,,,,,,,,,,,""45"",""61"",""UBICADA_EN"","""""
",,,,,,,,,,,,,,,,,,,,,,,,,""46"",""62"",""UBICADA_EN"","""""
",,,,,,,,,,,,,,,,,,,,,,,,,""47"",""63"",""UBICADA_EN"","""""
",,,,,,,,,,,,,,,,,,,,,,,,,""111"",""48"",""UBICADA_EN"","""""
",,,,,,,,,,,,,,,,,,,,,,,,,""112"",""49"",""UBICADA_EN"","""""
",,,,,,,,,,,,,,,,,,,,,,,,,""113"",""50"",""UBICADA_EN"","""""
",,,,,,,,,,,,,,,,,,,,,,,,,""114"",""51"",""UBICADA_EN"","""""
",,,,,,,,,,,,,,,,,,,,,,,,,""115"",""52"",""UBICADA_EN"","""""
",,,,,,,,,,,,,,,,,,,,,,,,,""116"",""53"",""UBICADA_EN"","""""
",,,,,,,,,,,,,,,,,,,,,,,,,""117"",""54"",""UBICADA_EN"","""""
",,,,,,,,,,,,,,,,,,,,,,,,,""118"",""55"",""UBICADA_EN"","""""
",,,,,,,,,,,,,,,,,,,,,,,,,""119"",""56"",""UBICADA_EN"","""""
",,,,,,,,,,,,,,,,,,,,,,,,,""120"",""57"",""UBICADA_EN"","""""
",,,,,,,,,,,,,,,,,,,,,,,,,""121"",""58"",""UBICADA_EN"","""""
",,,,,,,,,,,,,,,,,,,,,,,,,""122"",""59"",""UBICADA_EN"","""""
",,,,,,,,,,,,,,,,,,,,,,,,,""124"",""61"",""UBICADA_EN"","""""
",,,,,,,,,,,,,,,,,,,,,,,,,""125"",""62"",""UBICADA_EN"","""""
",,,,,,,,,,,,,,,,,,,,,,,,,""126"",""63"",""UBICADA_EN"","""""
",,,,,,,,,,,,,,,,,,,,,,,,,""127"",""16"",""CONTIENTE"",""1"""
",,,,,,,,,,,,,,,,,,,,,,,,,""127"",""17"",""CONTIENTE"",""2"""
",,,,,,,,,,,,,,,,,,,,,,,,,""128"",""18"",""CONTIENTE"",""1"""
",,,,,,,,,,,,,,,,,,,,,,,,,""128"",""19"",""CONTIENTE"",""1"""
",,,,,,,,,,,,,,,,,,,,,,,,,""129"",""20"",""CONTIENTE"",""1"""
",,,,,,,,,,,,,,,,,,,,,,,,,""129"",""21"",""CONTIENTE"",""1"""
",,,,,,,,,,,,,,,,,,,,,,,,,""130"",""22"",""CONTIENTE"",""1"""
",,,,,,,,,,,,,,,,,,,,,,,,,""130"",""23"",""CONTIENTE"",""1"""
",,,,,,,,,,,,,,,,,,,,,,,,,""131"",""24"",""CONTIENTE"",""1"""
",,,,,,,,,,,,,,,,,,,,,,,,,""131"",""25"",""CONTIENTE"",""1"""
",,,,,,,,,,,,,,,,,,,,,,,,,""132"",""26"",""CONTIENTE"",""1"""
",,,,,,,,,,,,,,,,,,,,,,,,,""132"",""27"",""CONTIENTE"",""1"""
",,,,,,,,,,,,,,,,,,,,,,,,,""133"",""28"",""CONTIENTE"",""1"""
",,,,,,,,,,,,,,,,,,,,,,,,,""133"",""29"",""CONTIENTE"",""1"""
",,,,,,,,,,,,,,,,,,,,,,,,,""134"",""30"",""CONTIENTE"",""1"""
",,,,,,,,,,,,,,,,,,,,,,,,,""134"",""31"",""CONTIENTE"",""1"""
",,,,,,,,,,,,,,,,,,,,,,,,,""135"",""16"",""CONTIENTE"",""1"""
",,,,,,,,,,,,,,,,,,,,,,,,,""135"",""18"",""CONTIENTE"",""1"""
",,,,,,,,,,,,,,,,,,,,,,,,,""136"",""20"",""CONTIENTE"",""1"""
",,,,,,,,,,,,,,,,,,,,,,,,,""136"",""22"",""CONTIENTE"",""1"""
",,,,,,,,,,,,,,,,,,,,,,,,,""137"",""24"",""CONTIENTE"",""1"""
",,,,,,,,,,,,,,,,,,,,,,,,,""137"",""26"",""CONTIENTE"",""1"""
",,,,,,,,,,,,,,,,,,,,,,,,,""138"",""28"",""CONTIENTE"",""1"""
",,,,,,,,,,,,,,,,,,,,,,,,,""138"",""30"",""CONTIENTE"",""1"""
",,,,,,,,,,,,,,,,,,,,,,,,,""139"",""17"",""CONTIENTE"",""1"""
",,,,,,,,,,,,,,,,,,,,,,,,,""139"",""19"",""CONTIENTE"",""1"""
",,,,,,,,,,,,,,,,,,,,,,,,,""140"",""21"",""CONTIENTE"",""1"""
",,,,,,,,,,,,,,,,,,,,,,,,,""140"",""23"",""CONTIENTE"",""1"""
",,,,,,,,,,,,,,,,,,,,,,,,,""141"",""25"",""CONTIENTE"",""1"""
",,,,,,,,,,,,,,,,,,,,,,,,,""141"",""27"",""CONTIENTE"",""1"""
",,,,,,,,,,,,,,,,,,,,,,,,,""142"",""29"",""CONTIENTE"",""1"""
",,,,,,,,,,,,,,,,,,,,,,,,,""142"",""31"",""CONTIENTE"",""1"""
",,,,,,,,,,,,,,,,,,,,,,,,,""143"",""48"",""UBICADA_EN"","""""
",,,,,,,,,,,,,,,,,,,,,,,,,""144"",""143"",""VIVE_EN"","""""
",,,,,,,,,,,,,,,,,,,,,,,,,""149"",""161"",""VISUALIZA"","""""
",,,,,,,,,,,,,,,,,,,,,,,,,""149"",""150"",""COMPRA"","""""
",,,,,,,,,,,,,,,,,,,,,,,,,""152"",""154"",""VISUALIZA"","""""
",,,,,,,,,,,,,,,,,,,,,,,,,""152"",""153"",""COMPRA"","""""
",,,,,,,,,,,,,,,,,,,,,,,,,""155"",""157"",""VISUALIZA"","""""
",,,,,,,,,,,,,,,,,,,,,,,,,""155"",""156"",""COMPRA"","""""
",,,,,,,,,,,,,,,,,,,,,,,,,""158"",""160"",""VISUALIZA"","""""
",,,,,,,,,,,,,,,,,,,,,,,,,""158"",""159"",""COMPRA"","""""
",,,,,,,,,,,,,,,,,,,,,,,,,""162"",""163"",""VIVE_EN"","""""
",,,,,,,,,,,,,,,,,,,,,,,,,""163"",""49"",""UBICADA_EN"","""""
",,,,,,,,,,,,,,,,,,,,,,,,,""165"",""167"",""VISUALIZA"","""""
",,,,,,,,,,,,,,,,,,,,,,,,,""165"",""166"",""COMPRA"","""""
",,,,,,,,,,,,,,,,,,,,,,,,,""168"",""169"",""VIVE_EN"","""""
",,,,,,,,,,,,,,,,,,,,,,,,,""169"",""50"",""UBICADA_EN"","""""
",,,,,,,,,,,,,,,,,,,,,,,,,""171"",""173"",""VISUALIZA"","""""
",,,,,,,,,,,,,,,,,,,,,,,,,""171"",""172"",""COMPRA"","""""
